cohort,race,treatment,OR,2.5%,97.5%
1,race_nonwhite,MV_elig,0.9313555315379038,0.9063923664641996,0.9402724194986077
1,race_nonwhite,RRT_elig,1.101031957438908,1.0315987760820708,1.1422524929119062
1,race_nonwhite,VP_elig,0.7576257711610359,0.7392834039698324,0.7712533791213856
2,race_nonwhite,MV_elig,0.8753139328153088,0.8529393411764181,0.8894603734166231
2,race_nonwhite,RRT_elig,0.905748604945092,0.8836259319882345,0.9839148719713601
2,race_nonwhite,VP_elig,0.8259859823421813,0.8032709623251151,0.8348007117242358
3,race_nonwhite,MV_elig,0.8150304857766582,0.7919820680737631,0.838199185757752
3,race_nonwhite,RRT_elig,0.815604711087343,0.7612692545319183,0.8516826843833621
