cohort,race,treatment,OR,2.5%,97.5%
1,race_nonwhite,MV_elig,0.9279393453303874,0.9057874925562182,0.9554156304016002
1,race_nonwhite,RRT_elig,1.0674194701920883,1.0037008328728683,1.138423010658972
1,race_nonwhite,VP_elig,0.7575008732254318,0.7363324260704569,0.7887969845627361
2,race_nonwhite,MV_elig,0.8826845177859897,0.8510253292658901,0.9105379008942432
