cohort,race,treatment,OR,2.5%,97.5%
1,race_white,MV_elig,1.3061836521977586,1.2254843944154368,1.6425571655257127
1,race_white,RRT_elig,0.9854821327742248,0.7852002601422068,1.2625398536879666
1,race_white,VP_elig,1.3190101859932306,1.073778252470625,1.4132418522209078
2,race_white,MV_elig,1.3666173794855863,1.2263836021836807,1.7084964836715935
