cohort,race,treatment,OR,2.5%,97.5%
1,race_nonwhite,MV_elig,0.8137180131266867,0.755793561879749,0.854898346430056
1,race_nonwhite,RRT_elig,0.9880308074937221,0.9289741191495845,1.0770865983990845
1,race_nonwhite,VP_elig,0.8487647812467249,0.7925206019823373,0.9066786496661956
2,race_nonwhite,MV_elig,0.7969224787364599,0.7370540089594996,0.8419821261836898
2,race_nonwhite,RRT_elig,0.9718975955841977,0.901404977034121,1.101029752188765
2,race_nonwhite,VP_elig,0.9136657018577405,0.8660012742287437,0.9591746160217434
3,race_nonwhite,MV_elig,0.7719340447019027,0.7130818887599113,0.8187780067052591
