cohort,race,treatment,OR,2.5%,97.5%
1,race_nonwhite,MV_elig,1.000855626381236,0.9966792533710515,1.0031575473252767
1,race_nonwhite,RRT_elig,1.0002312118437726,0.9991197937739212,1.0011593809980344
