cohort,race,treatment,OR,2.5%,97.5%
1,race_nonwhite,MV_elig,0.9313555315379038,0.9063923664642001,0.9402724194986075
1,race_nonwhite,RRT_elig,1.1010319574389078,1.0315987760820715,1.142252492911905
